{"cameraMode":{"drawMode":0,"name":"Shaded","section":"Shading Mode"},"sceneLighting":true,"audioPlay":false,"sceneViewState":{"showFog":true,"showMaterialUpdate":true,"showSkybox":true,"showFlares":true,"showImageEffects":true,"showParticleSystems":true},"in2DMode":false,"pivot":{"x":0.49896588921546938,"y":-1.7262637615203858,"z":0.17212453484535218},"rotation":{"x":-0.32500597834587099,"y":0.6733360886573792,"z":-0.49747616052627566,"w":-0.43989744782447817},"size":9.00186538696289,"orthographic":false}