{"cameraMode":{"drawMode":0,"name":"Shaded","section":"Shading Mode"},"sceneLighting":true,"audioPlay":false,"sceneViewState":{"showFog":true,"showMaterialUpdate":true,"showSkybox":true,"showFlares":true,"showImageEffects":true,"showParticleSystems":true},"in2DMode":false,"pivot":{"x":3.736961841583252,"y":14.252163887023926,"z":-1.6447341442108155},"rotation":{"x":-0.3896291255950928,"y":0.6071644425392151,"z":-0.528039276599884,"w":-0.44801461696624758},"size":13.656359672546387,"orthographic":false}