{"cameraMode":{"drawMode":0,"name":"Shaded","section":"Shading Mode"},"sceneLighting":true,"audioPlay":false,"sceneViewState":{"showFog":true,"showMaterialUpdate":true,"showSkybox":true,"showFlares":true,"showImageEffects":true,"showParticleSystems":true},"in2DMode":false,"pivot":{"x":1.5355939865112305,"y":0.7422027587890625,"z":2.9350271224975588},"rotation":{"x":-0.2521625757217407,"y":0.728766918182373,"z":-0.5367417931556702,"w":-0.34237638115882876},"size":27.15268898010254,"orthographic":false}