{"cameraMode":{"drawMode":0,"name":"Shaded","section":"Shading Mode"},"sceneLighting":true,"audioPlay":false,"sceneViewState":{"showFog":true,"showMaterialUpdate":true,"showSkybox":true,"showFlares":true,"showImageEffects":true,"showParticleSystems":true},"in2DMode":false,"pivot":{"x":-6.211988925933838,"y":-9.865873336791993,"z":-6.447021484375},"rotation":{"x":-0.1568424105644226,"y":0.8419767022132874,"z":-0.38850414752960207,"w":-0.33991289138793948},"size":27.15268898010254,"orthographic":false}