{"cameraMode":{"drawMode":0,"name":"Shaded","section":"Shading Mode"},"sceneLighting":false,"audioPlay":false,"sceneViewState":{"showFog":true,"showMaterialUpdate":true,"showSkybox":false,"showFlares":true,"showImageEffects":true,"showParticleSystems":true},"in2DMode":false,"pivot":{"x":1.5355939865112305,"y":0.7422026991844177,"z":2.9350271224975588},"rotation":{"x":-0.5159342288970947,"y":0.4158899188041687,"z":-0.3160364031791687,"w":-0.6789472699165344},"size":6.738405704498291,"orthographic":false}