{"cameraMode":{"drawMode":0,"name":"Shaded","section":"Shading Mode"},"sceneLighting":true,"audioPlay":false,"sceneViewState":{"showFog":true,"showMaterialUpdate":true,"showSkybox":true,"showFlares":true,"showImageEffects":true,"showParticleSystems":true},"in2DMode":false,"pivot":{"x":-0.602884829044342,"y":0.7532444596290588,"z":0.8070047497749329},"rotation":{"x":-0.4690004289150238,"y":0.5097771883010864,"z":-0.3971206545829773,"w":-0.6020482182502747},"size":32.637149810791019,"orthographic":false}