{"cameraMode":{"drawMode":0,"name":"Shaded","section":"Shading Mode"},"sceneLighting":true,"audioPlay":false,"sceneViewState":{"showFog":true,"showMaterialUpdate":true,"showSkybox":true,"showFlares":true,"showImageEffects":true,"showParticleSystems":true},"in2DMode":false,"pivot":{"x":-1.2269315719604493,"y":12.88601303100586,"z":2.4484567642211916},"rotation":{"x":-0.5159342288970947,"y":0.4158899188041687,"z":-0.3160364031791687,"w":-0.6789472699165344},"size":22.0,"orthographic":false}